queue,workload,mode,repetition,requested_capacity,items,warmup_items,affinity,producer_cpu,consumer_cpu,consumer_iterations,burst_size,burst_gap_us,elapsed_seconds,items_per_second,failed_pushes,failed_pops,latency_samples,p50_ns,p99_ns,p999_ns,consumer_work_result,verified,build_type
"boost",baseline,latency,1,16384,5000000,500000,cores,0,1,64,64,50,0.27424216000000001,18232061.766141281,0,119588,5000000,1072,114416,145755,1,true,"Release"
"boost",baseline,latency,2,16384,5000000,500000,cores,0,1,64,64,50,0.27579931099999999,18129124.332729027,0,119864,5000000,1082,123002,157418,1,true,"Release"
"boost",baseline,latency,3,16384,5000000,500000,cores,0,1,64,64,50,0.27559784100000001,18142377.247432791,0,109440,5000000,1062,109106,146707,1,true,"Release"
"boost",baseline,latency,4,16384,5000000,500000,cores,0,1,64,64,50,0.27443541599999999,18219222.842579473,0,114304,5000000,1072,116089,149202,1,true,"Release"
"boost",baseline,latency,5,16384,5000000,500000,cores,0,1,64,64,50,0.27576542799999998,18131351.838635843,0,107840,5000000,1092,127982,203744,1,true,"Release"
"moodycamel",baseline,latency,1,16384,5000000,500000,cores,0,1,64,64,50,0.124118777,40283993.45249752,910189,6976,5000000,416196,456832,469116,1,true,"Release"
"moodycamel",baseline,latency,2,16384,5000000,500000,cores,0,1,64,64,50,0.124351526,40208593.82135769,917376,0,5000000,417158,435262,463225,1,true,"Release"
"moodycamel",baseline,latency,3,16384,5000000,500000,cores,0,1,64,64,50,0.12503657000000001,39988301.022652805,943488,0,5000000,417669,464627,539038,1,true,"Release"
"moodycamel",baseline,latency,4,16384,5000000,500000,cores,0,1,64,64,50,0.12502180199999999,39993024.576625444,911430,64,5000000,415455,457705,472623,1,true,"Release"
"moodycamel",baseline,latency,5,16384,5000000,500000,cores,0,1,64,64,50,0.124889351,40035439.050363868,861952,1088,5000000,416527,427197,431685,1,true,"Release"
"rigtorp",baseline,latency,1,16384,5000000,500000,cores,0,1,64,64,50,0.14450879899999999,34599969.237859353,1198208,7377,5000000,470098,514422,625001,1,true,"Release"
"rigtorp",baseline,latency,2,16384,5000000,500000,cores,0,1,64,64,50,0.144511063,34599427.1732677,1194880,192,5000000,468555,511095,521235,1,true,"Release"
"rigtorp",baseline,latency,3,16384,5000000,500000,cores,0,1,64,64,50,0.14492855199999999,34499758.198094741,1111936,19523,5000000,469797,509032,528448,1,true,"Release"
"rigtorp",baseline,latency,4,16384,5000000,500000,cores,0,1,64,64,50,0.145226615,34428950.919223726,1246720,0,5000000,469777,514953,796494,1,true,"Release"
"rigtorp",baseline,latency,5,16384,5000000,500000,cores,0,1,64,64,50,0.14503477200000001,34474491.399896845,1210809,192,5000000,471491,509773,683732,1,true,"Release"
"custom",baseline,latency,1,16384,5000000,500000,cores,0,1,64,64,50,0.257298727,19432665.12935371,0,11328,5000000,331,801,3427,1,true,"Release"
"custom",baseline,latency,2,16384,5000000,500000,cores,0,1,64,64,50,0.25761326099999998,19408938.734718319,0,13742,5000000,331,761,7313,1,true,"Release"
"custom",baseline,latency,3,16384,5000000,500000,cores,0,1,64,64,50,0.25875923499999998,19322981.844493397,0,14096,5000000,331,1022,70774,1,true,"Release"
"custom",baseline,latency,4,16384,5000000,500000,cores,0,1,64,64,50,0.25860786000000002,19334292.468914129,0,22144,5000000,331,682,1673,1,true,"Release"
"custom",baseline,latency,5,16384,5000000,500000,cores,0,1,64,64,50,0.25798839000000001,19380717.093509518,0,33287,5000000,331,801,8546,1,true,"Release"
