queue,workload,mode,requested_capacity,items,warmup_items,affinity,producer_cpu,consumer_cpu,source,repetitions,elapsed_seconds_median,elapsed_seconds_min,elapsed_seconds_max,items_per_second_median,items_per_second_min,items_per_second_max,p50_ns_median,p50_ns_min,p50_ns_max,p99_ns_median,p99_ns_min,p99_ns_max,p999_ns_median,p999_ns_min,p999_ns_max,failed_pushes_per_item_median,failed_pops_per_item_median,all_verified
boost,baseline,latency,1024,5000000,500000,cores,0,1,raw/baseline-latency-cores-cap1024.csv,5,0.284883778,0.284168689,0.285317346,17551016.892228942,17524346.38166023,17595182.697978385,22913.0,22032.0,23744.0,59392.0,58781.0,62187.0,75964.0,74911.0,76916.0,0.0091948,0.001088,True
custom,baseline,latency,1024,5000000,500000,cores,0,1,raw/baseline-latency-cores-cap1024.csv,5,0.252884311,0.251106234,0.253920637,19771886.91630617,19691191.937266603,19911891.155995753,210.0,210.0,210.0,1213.0,1162.0,1343.0,4328.0,3186.0,11251.0,0.0,0.0086534,True
moodycamel,baseline,latency,1024,5000000,500000,cores,0,1,raw/baseline-latency-cores-cap1024.csv,5,0.125239556,0.124105645,0.128873855,39923488.70990887,38797628.89066987,40288256.02574323,37881.0,37791.0,38072.0,43983.0,42731.0,61015.0,67447.0,47500.0,77576.0,0.1836544,0.001024,True
rigtorp,baseline,latency,1024,5000000,500000,cores,0,1,raw/baseline-latency-cores-cap1024.csv,5,0.155655464,0.151998191,0.172354443,32122226.046623074,29009986.12492978,32895128.337415542,31640.0,30909.0,34155.0,38893.0,35988.0,46878.0,55925.0,41799.0,64502.0,0.2141312,1.28e-05,True
boost,baseline,latency,16384,5000000,500000,cores,0,1,raw/baseline-latency-cores-cap16384.csv,5,0.275597841,0.27424216,0.275799311,18142377.24743279,18129124.332729027,18232061.76614128,1072.0,1062.0,1092.0,116089.0,109106.0,127982.0,149202.0,145755.0,203744.0,0.0,0.0228608,True
custom,baseline,latency,16384,5000000,500000,cores,0,1,raw/baseline-latency-cores-cap16384.csv,5,0.25798839,0.257298727,0.258759235,19380717.093509518,19322981.844493397,19432665.12935371,331.0,331.0,331.0,801.0,682.0,1022.0,7313.0,1673.0,70774.0,0.0,0.0028192,True
moodycamel,baseline,latency,16384,5000000,500000,cores,0,1,raw/baseline-latency-cores-cap16384.csv,5,0.124889351,0.124118777,0.12503657,40035439.05036387,39988301.022652805,40283993.45249752,416527.0,415455.0,417669.0,456832.0,427197.0,464627.0,469116.0,431685.0,539038.0,0.182286,1.28e-05,True
rigtorp,baseline,latency,16384,5000000,500000,cores,0,1,raw/baseline-latency-cores-cap16384.csv,5,0.144928552,0.144508799,0.145226615,34499758.19809474,34428950.919223726,34599969.23785935,469797.0,468555.0,471491.0,511095.0,509032.0,514953.0,625001.0,521235.0,796494.0,0.2396416,3.84e-05,True
boost,baseline,latency,64,5000000,500000,cores,0,1,raw/baseline-latency-cores-cap64.csv,5,0.321394452,0.320735067,0.324044487,15557206.942701053,15429980.143436294,15589190.31450964,1022.0,821.0,1062.0,3687.0,3587.0,3907.0,5029.0,4569.0,5190.0,0.003968,0.0042626,True
custom,baseline,latency,64,5000000,500000,cores,0,1,raw/baseline-latency-cores-cap64.csv,5,0.249034588,0.248106946,0.251479015,20077532.36269333,19882374.678459752,20152599.838942036,190.0,190.0,190.0,1513.0,1433.0,1693.0,3317.0,3216.0,3367.0,0.0006912,0.0129612,True
moodycamel,baseline,latency,64,5000000,500000,cores,0,1,raw/baseline-latency-cores-cap64.csv,5,0.158690926,0.158302754,0.159470438,31507787.660146363,31353773.543909125,31585047.47175782,4088.0,4078.0,4138.0,5410.0,4508.0,5821.0,8035.0,7764.0,8416.0,0.0972672,0.0021376,True
rigtorp,baseline,latency,64,5000000,500000,cores,0,1,raw/baseline-latency-cores-cap64.csv,5,0.149059355,0.147477707,0.154319961,33543684.661724184,32400215.54956199,33903429.21455918,1533.0,1503.0,1553.0,2295.0,2275.0,2865.0,5200.0,5130.0,5811.0,0.2705046,0.0024832,True
boost,baseline,latency,1024,5000000,500000,none,-1,-1,raw/baseline-latency-none-cap1024.csv,5,0.473328345,0.462200357,0.480467119,10563491.607501343,10406539.391096188,10817819.424574785,2796.0,2695.0,3016.0,69882.0,47139.0,96252.0,116209.0,91213.0,131688.0,0.0051712,0.0073476,True
custom,baseline,latency,1024,5000000,500000,none,-1,-1,raw/baseline-latency-none-cap1024.csv,5,0.457874787,0.448139889,0.460431526,10920015.999920083,10859378.034856806,11157230.415612478,992.0,951.0,1543.0,2535.0,2355.0,3066.0,23234.0,10820.0,40707.0,0.000128,0.081856,True
moodycamel,baseline,latency,1024,5000000,500000,none,-1,-1,raw/baseline-latency-none-cap1024.csv,5,0.173033066,0.142646822,0.175306319,28896211.086036004,28521504.69259468,35051604.58464332,691.0,681.0,37451.0,66686.0,12323.0,69050.0,77015.0,75573.0,84199.0,0.0129152,0.029568,True
rigtorp,baseline,latency,1024,5000000,500000,none,-1,-1,raw/baseline-latency-none-cap1024.csv,5,0.167370631,0.162327815,0.176299335,29873819.379936498,28360855.700334888,30801868.42901816,692.0,682.0,21501.0,52469.0,1363.0,59222.0,66957.0,5470.0,68188.0,0.0101376,0.0193408,True
boost,baseline,latency,1024,5000000,500000,siblings,0,8,raw/baseline-latency-siblings-cap1024.csv,5,0.136755391,0.135788506,0.137668765,36561629.95431749,36319059.010952845,36821967.83282968,8175.0,2876.0,26800.0,29786.0,27321.0,45105.0,32101.0,30508.0,51077.0,0.0004224,0.00032,True
custom,baseline,latency,1024,5000000,500000,siblings,0,8,raw/baseline-latency-siblings-cap1024.csv,5,0.13481009,0.133934297,0.1350066,37089211.94251855,37035226.42596732,37331737.36671795,17503.0,3086.0,26540.0,30417.0,9989.0,31469.0,32180.0,10169.0,33404.0,0.0003712,3.84e-05,True
moodycamel,baseline,latency,1024,5000000,500000,siblings,0,8,raw/baseline-latency-siblings-cap1024.csv,5,0.133638208,0.133467174,0.134105971,37414449.61608584,37283947.63272696,37462395.06052627,40386.0,40356.0,40436.0,45506.0,45266.0,45757.0,47209.0,46858.0,50485.0,0.0235264,1.28e-05,True
rigtorp,baseline,latency,1024,5000000,500000,siblings,0,8,raw/baseline-latency-siblings-cap1024.csv,5,0.136914401,0.136522752,0.139481055,36519167.91426492,35847162.18270646,36623932.104738116,27702.0,27673.0,27762.0,32832.0,32391.0,33343.0,34926.0,33904.0,36980.0,0.0025984,2.56e-05,True
boost,bursty,latency,1024,500000,50000,cores,0,1,raw/bursty-latency-cores-cap1024.csv,5,0.828463266,0.823333768,0.870577231,603527.0609089384,574331.5839143512,607287.128784447,662.0,511.0,982.0,1633.0,1563.0,2004.0,2185.0,1904.0,2204.0,0.0,144.299264,True
custom,bursty,latency,1024,500000,50000,cores,0,1,raw/bursty-latency-cores-cap1024.csv,5,0.829198916,0.825115674,0.837100029,602991.6228206937,597300.1823895528,605975.6416650013,321.0,280.0,641.0,1192.0,1142.0,1493.0,1743.0,1522.0,1833.0,0.0,144.906112,True
moodycamel,bursty,latency,1024,500000,50000,cores,0,1,raw/bursty-latency-cores-cap1024.csv,5,0.827333693,0.822029243,0.862307972,604351.0668433517,579839.2410084318,608250.8672991333,391.0,171.0,490.0,782.0,691.0,852.0,2435.0,1012.0,4088.0,0.0,144.429952,True
rigtorp,bursty,latency,1024,500000,50000,cores,0,1,raw/bursty-latency-cores-cap1024.csv,5,0.829155434,0.822261863,0.854745608,603023.244493384,584969.3702082175,608078.7915613204,410.0,191.0,441.0,792.0,771.0,1853.0,1903.0,1273.0,3687.0,0.0,144.335466,True
boost,bursty,latency,1024,500000,50000,none,-1,-1,raw/bursty-latency-none-cap1024.csv,5,0.895562474,0.872822492,0.903769195,558308.3419817343,553238.5953916033,572854.1651742861,971.0,822.0,1012.0,2575.0,2415.0,67136.0,11111.0,5400.0,185670.0,0.0,148.509952,True
custom,bursty,latency,1024,500000,50000,none,-1,-1,raw/bursty-latency-none-cap1024.csv,5,0.910970516,0.886749167,0.946745979,548865.1841285278,528124.7674567625,563857.3100571067,962.0,702.0,1042.0,2154.0,1954.0,3897.0,10831.0,4038.0,642563.0,0.0,144.711552,True
moodycamel,bursty,latency,1024,500000,50000,none,-1,-1,raw/bursty-latency-none-cap1024.csv,5,0.868729462,0.865400112,0.869451635,575553.1749192593,575075.116167905,577767.431580827,541.0,331.0,681.0,1082.0,1052.0,1313.0,6101.0,2494.0,57699.0,0.0,145.2352,True
rigtorp,bursty,latency,1024,500000,50000,none,-1,-1,raw/bursty-latency-none-cap1024.csv,5,0.861331658,0.857026357,0.872511695,580496.4851297733,573058.2212998302,583412.6289303843,561.0,230.0,631.0,1212.0,1072.0,36028.0,11121.0,2725.0,148350.0,0.0,145.730816,True
boost,bursty,latency,1024,500000,50000,siblings,0,8,raw/bursty-latency-siblings-cap1024.csv,5,0.825564691,0.822361842,0.831666967,605646.0571180121,601202.1877021359,608004.8641167376,451.0,451.0,470.0,901.0,892.0,902.0,1142.0,1012.0,6453.0,0.0,144.544896,True
custom,bursty,latency,1024,500000,50000,siblings,0,8,raw/bursty-latency-siblings-cap1024.csv,5,0.822569474,0.822467331,0.822773269,607851.3922582058,607700.8318557807,607926.8819006745,461.0,431.0,461.0,911.0,882.0,912.0,1072.0,952.0,1443.0,0.0,143.310464,True
moodycamel,bursty,latency,1024,500000,50000,siblings,0,8,raw/bursty-latency-siblings-cap1024.csv,5,0.822425212,0.822128411,0.823285857,607958.0157618028,607322.4697700595,608177.497955365,441.0,431.0,441.0,932.0,922.0,942.0,1282.0,1103.0,1894.0,0.0,140.455552,True
rigtorp,bursty,latency,1024,500000,50000,siblings,0,8,raw/bursty-latency-siblings-cap1024.csv,5,0.823328047,0.822496296,0.825185214,607291.3485965577,605924.5748918618,607905.4731694501,451.0,450.0,471.0,932.0,922.0,1122.0,1433.0,1102.0,5690.0,0.0,142.143092,True
boost,consumer,latency,1024,5000000,500000,cores,0,1,raw/consumer-latency-cores-cap1024.csv,5,0.833462909,0.828935709,0.848198852,5999067.200241781,5894844.101958299,6031830.871457849,169219.0,168809.0,171824.0,184759.0,176203.0,190660.0,275100.0,185671.0,329282.0,11.2651056,0.0,True
custom,consumer,latency,1024,5000000,500000,cores,0,1,raw/consumer-latency-cores-cap1024.csv,5,0.825063665,0.822616042,0.826203809,6060138.401562018,6051775.537142313,6078169.820082356,167586.0,167396.0,167837.0,181012.0,180210.0,181142.0,292863.0,274879.0,296600.0,11.402048,3.84e-05,True
moodycamel,consumer,latency,1024,5000000,500000,cores,0,1,raw/consumer-latency-cores-cap1024.csv,5,0.779540921,0.774670883,0.815969118,6414031.4707096685,6127682.886155502,6454353.854938937,271513.0,269810.0,274379.0,309785.0,305447.0,332969.0,333019.0,325324.0,500045.0,10.4709376,1.28e-05,True
rigtorp,consumer,latency,1024,5000000,500000,cores,0,1,raw/consumer-latency-cores-cap1024.csv,5,0.824158044,0.822237377,0.825169716,6066797.547388859,6059359.551193224,6080968.999783137,167366.0,167316.0,167636.0,179158.0,177395.0,180210.0,276281.0,181122.0,281492.0,10.703547,2.56e-05,True
boost,consumer,latency,16384,5000000,500000,cores,0,1,raw/consumer-latency-cores-cap16384.csv,5,0.83330978,0.830116459,0.83884208,6000169.588793257,5960597.494107591,6023251.250822387,2719998.0,2718064.0,2726861.0,2948359.0,2737601.0,2973766.0,3013142.0,2914355.0,3107078.0,11.059008,1.28e-05,True
custom,consumer,latency,16384,5000000,500000,cores,0,1,raw/consumer-latency-cores-cap16384.csv,5,0.825408176,0.82347763,0.88189593,6057609.005317146,5669603.21497345,6071810.3538526,2700020.0,2695772.0,2902843.0,2863689.0,2723685.0,2963657.0,2971052.0,2875792.0,3437012.0,11.3836416,5.12e-05,True
moodycamel,consumer,latency,16384,5000000,500000,cores,0,1,raw/consumer-latency-cores-cap16384.csv,5,0.775051983,0.774455035,0.776618502,6451180.191354984,6438167.500675898,6456152.744878209,2644765.0,2640127.0,2649554.0,2689169.0,2684210.0,2719597.0,2778137.0,2694309.0,3371027.0,10.5425452,1.28e-05,True
rigtorp,consumer,latency,16384,5000000,500000,cores,0,1,raw/consumer-latency-cores-cap16384.csv,5,0.822074919,0.820453748,0.823065331,6082170.717581521,6074851.912332582,6094188.748833652,2693117.0,2688538.0,2694059.0,2718325.0,2707053.0,2733673.0,2810709.0,2767357.0,3409330.0,10.8624128,2.56e-05,True
boost,consumer,latency,64,5000000,500000,cores,0,1,raw/consumer-latency-cores-cap64.csv,5,0.830100399,0.828079511,0.832186248,6023367.783009583,6008270.398623555,6038067.520789076,10390.0,10369.0,10429.0,13486.0,13245.0,13676.0,16601.0,15820.0,17503.0,11.1304704,0.004224,True
custom,consumer,latency,64,5000000,500000,cores,0,1,raw/consumer-latency-cores-cap64.csv,5,0.826379751,0.825820715,0.827555211,6050487.072014425,6041892.955949256,6054582.92481801,10330.0,10329.0,10359.0,13045.0,12945.0,13275.0,18545.0,17573.0,19147.0,11.2165504,0.0045824,True
moodycamel,consumer,latency,64,5000000,500000,cores,0,1,raw/consumer-latency-cores-cap64.csv,5,0.817495851,0.816077342,0.820642204,6116238.99238603,6092789.251672463,6126870.264215717,20439.0,20439.0,20499.0,24185.0,23925.0,24767.0,35026.0,31900.0,37130.0,10.6051456,0.0024448,True
rigtorp,consumer,latency,64,5000000,500000,cores,0,1,raw/consumer-latency-cores-cap64.csv,5,0.818489468,0.817136492,0.85785911,6108814.096554752,5828462.904590475,6118928.782341053,10250.0,10230.0,10450.0,13305.0,13075.0,13946.0,17753.0,17653.0,20098.0,10.7428992,0.0032256,True
boost,consumer,latency,1024,5000000,500000,none,-1,-1,raw/consumer-latency-none-cap1024.csv,5,1.068392976,1.064815881,1.087562024,4679925.937663596,4597438.941100798,4695647.472222477,217801.0,217221.0,221558.0,229995.0,228542.0,235215.0,331035.0,237389.0,367644.0,9.940096,8.96e-05,True
custom,consumer,latency,1024,5000000,500000,none,-1,-1,raw/consumer-latency-none-cap1024.csv,5,1.147738565,1.114116901,1.156116479,4356392.781835295,4324823.744684293,4487859.393850089,234313.0,233581.0,236066.0,244231.0,242668.0,245203.0,362344.0,291791.0,500967.0,12.1352018,6.4e-05,True
moodycamel,consumer,latency,1024,5000000,500000,none,-1,-1,raw/consumer-latency-none-cap1024.csv,5,0.946536163,0.94570314,0.950513084,5282418.353835257,5260316.858510492,5287071.374215803,326326.0,325966.0,327528.0,360812.0,360230.0,363056.0,563094.0,521675.0,569396.0,9.617536,8.96e-05,True
rigtorp,consumer,latency,1024,5000000,500000,none,-1,-1,raw/consumer-latency-none-cap1024.csv,5,1.071235275,1.039677029,1.080826591,4667508.731916992,4626088.996731577,4809185.795716951,218303.0,217471.0,219905.0,231407.0,230164.0,236757.0,343980.0,246676.0,375640.0,10.7383552,0.0001024,True
boost,consumer,latency,1024,5000000,500000,siblings,0,8,raw/consumer-latency-siblings-cap1024.csv,5,0.77572834,0.775527161,0.776770968,6445555.411833993,6436903.80560155,6447227.449200842,157548.0,157537.0,157607.0,166194.0,165943.0,167667.0,221348.0,177956.0,274769.0,8.78592,1.28e-05,True
custom,consumer,latency,1024,5000000,500000,siblings,0,8,raw/consumer-latency-siblings-cap1024.csv,5,0.778341353,0.776214859,0.780305851,6423916.679652507,6407743.827106071,6441515.441280672,158349.0,157658.0,158559.0,166695.0,166214.0,167496.0,273897.0,177906.0,284146.0,9.067584,5.12e-05,True
moodycamel,consumer,latency,1024,5000000,500000,siblings,0,8,raw/consumer-latency-siblings-cap1024.csv,5,0.778667318,0.777426796,0.779233706,6421227.505531444,6416560.219996438,6431473.710098359,271192.0,270961.0,271222.0,305676.0,304926.0,306148.0,416877.0,311368.0,458175.0,8.6380032,0.0,True
rigtorp,consumer,latency,1024,5000000,500000,siblings,0,8,raw/consumer-latency-siblings-cap1024.csv,5,0.778211337,0.77751857,0.783948626,6424989.925326672,6377968.956348423,6430714.574444183,158059.0,158018.0,159161.0,166674.0,166425.0,169080.0,193696.0,173437.0,273216.0,8.6550016,2.56e-05,True
