queue,workload,mode,requested_capacity,items,warmup_items,affinity,producer_cpu,consumer_cpu,source,repetitions,elapsed_seconds_median,elapsed_seconds_min,elapsed_seconds_max,items_per_second_median,items_per_second_min,items_per_second_max,failed_pushes_per_item_median,failed_pops_per_item_median,all_verified
boost,baseline,throughput,1024,100000000,5000000,cores,0,1,raw/baseline-throughput-cores-cap1024.csv,5,0.976263562,0.948733413,0.984245017,102431355.51954566,101600717.57823285,105403687.30536109,0.00041472,0.01883456,True
custom,baseline,throughput,1024,100000000,5000000,cores,0,1,raw/baseline-throughput-cores-cap1024.csv,5,1.010590399,1.000616962,1.020412692,98952058.22156242,97999565.06225032,99938341.84074125,0.02156288,0.00116608,True
moodycamel,baseline,throughput,1024,100000000,5000000,cores,0,1,raw/baseline-throughput-cores-cap1024.csv,5,0.380500121,0.348136993,0.38713883,262812005.7812018,258305269.97253156,287243246.2240518,0.00115072,0.01919161,True
rigtorp,baseline,throughput,1024,100000000,5000000,cores,0,1,raw/baseline-throughput-cores-cap1024.csv,5,0.359082126,0.354655124,0.365253353,278487824.25889945,273782565.385512,281964063.770301,0.01712256,0.00963008,True
boost,baseline,throughput,16384,100000000,5000000,cores,0,1,raw/baseline-throughput-cores-cap16384.csv,5,0.86792393,0.855846258,0.87636352,115217470.7292608,114107898.96868369,116843415.58457804,0.00019392,0.00849831,True
custom,baseline,throughput,16384,100000000,5000000,cores,0,1,raw/baseline-throughput-cores-cap16384.csv,5,0.924187851,0.908094173,0.974241032,108203110.32199448,102644003.60423332,110120737.44470553,0.01440963,0.000336,True
moodycamel,baseline,throughput,16384,100000000,5000000,cores,0,1,raw/baseline-throughput-cores-cap16384.csv,5,0.385022643,0.355856303,0.39038959,259724984.53811714,256154371.3294199,281012305.12699395,0.00011072,0.0188192,True
rigtorp,baseline,throughput,16384,100000000,5000000,cores,0,1,raw/baseline-throughput-cores-cap16384.csv,5,0.310888558,0.300939346,0.3192544,321658669.7282053,313229825.4933996,332292873.3951592,0.005552,0.00347136,True
boost,baseline,throughput,64,100000000,5000000,cores,0,1,raw/baseline-throughput-cores-cap64.csv,5,1.136838247,1.114431756,1.164622807,87963261.49642642,85864710.35853586,89731829.21395501,0.21586704,0.20787925,True
custom,baseline,throughput,64,100000000,5000000,cores,0,1,raw/baseline-throughput-cores-cap64.csv,5,1.321694955,1.315327899,1.328954628,75660423.47494623,75247113.70356882,76026669.90947784,0.64040768,0.60845568,True
moodycamel,baseline,throughput,64,100000000,5000000,cores,0,1,raw/baseline-throughput-cores-cap64.csv,5,0.633983762,0.611111961,0.807217797,157732746.47371805,123882303.35313086,163636136.06312642,0.100528,0.10186478,True
rigtorp,baseline,throughput,64,100000000,5000000,cores,0,1,raw/baseline-throughput-cores-cap64.csv,5,1.107773619,1.08337739,1.126571495,90271151.32988195,88764894.58842556,92303938.5195218,0.60060722,0.56854784,True
boost,baseline,throughput,1024,100000000,5000000,none,-1,-1,raw/baseline-throughput-none-cap1024.csv,5,1.836041396,1.798303466,1.869130775,54465002.923060454,53500804.40465703,55607967.114934094,0.00161664,0.0903872,True
custom,baseline,throughput,1024,100000000,5000000,none,-1,-1,raw/baseline-throughput-none-cap1024.csv,5,2.421617896,2.242308245,2.452805653,41294706.38831123,40769638.58823918,44596901.52903131,0.00014272,0.11210624,True
moodycamel,baseline,throughput,1024,100000000,5000000,none,-1,-1,raw/baseline-throughput-none-cap1024.csv,5,1.200373523,1.186334075,1.201378962,83307402.30763987,83237681.9996287,84293288.12796682,0.00016832,0.17381056,True
rigtorp,baseline,throughput,1024,100000000,5000000,none,-1,-1,raw/baseline-throughput-none-cap1024.csv,5,1.161067541,1.154503644,1.184046924,86127633.81006446,84456112.31535956,86617309.97533344,0.00018368,0.18765056,True
boost,baseline,throughput,1024,100000000,5000000,siblings,0,8,raw/baseline-throughput-siblings-cap1024.csv,5,0.851025462,0.84700104,0.854625913,117505297.3914428,117010259.66901614,118063609.46144766,4.224e-05,0.04090664,True
custom,baseline,throughput,1024,100000000,5000000,siblings,0,8,raw/baseline-throughput-siblings-cap1024.csv,5,0.795790534,0.787035668,0.808771893,125661208.229451,123644257.25660078,127059044.54637752,0.07237651,0.00017856,True
moodycamel,baseline,throughput,1024,100000000,5000000,siblings,0,8,raw/baseline-throughput-siblings-cap1024.csv,5,0.427996423,0.427653845,0.429362804,233646812.51086062,232903267.51266512,233833978.50661206,0.00202624,4.096e-05,True
rigtorp,baseline,throughput,1024,100000000,5000000,siblings,0,8,raw/baseline-throughput-siblings-cap1024.csv,5,0.407969014,0.407634633,0.409673574,245116654.86438143,244096779.35438424,245317723.0404758,4.544e-05,0.00010816,True
boost,bursty,throughput,1024,500000,50000,cores,0,1,raw/bursty-throughput-cores-cap1024.csv,5,0.794892652,0.789525542,0.801459868,629015.7529346491,623861.5555981899,633291.7345946991,0.0,142.436096,True
custom,bursty,throughput,1024,500000,50000,cores,0,1,raw/bursty-throughput-cores-cap1024.csv,5,0.798640927,0.791695658,0.801193014,626063.5826393104,624069.3456670605,631555.8193954375,0.0,142.842634,True
moodycamel,bursty,throughput,1024,500000,50000,cores,0,1,raw/bursty-throughput-cores-cap1024.csv,5,0.790570695,0.789128011,0.794268855,632454.5080690095,629509.7646753378,633610.7615371419,0.0,138.89216,True
rigtorp,bursty,throughput,1024,500000,50000,cores,0,1,raw/bursty-throughput-cores-cap1024.csv,5,0.797649185,0.787444855,0.808029307,626841.9869318865,618789.4370519411,634965.0986036349,0.0,139.034508,True
boost,bursty,throughput,1024,500000,50000,none,-1,-1,raw/bursty-throughput-none-cap1024.csv,5,0.846281151,0.835641965,0.854809008,590820.2013115615,584925.9838403574,598342.3774080087,0.0,150.929408,True
custom,bursty,throughput,1024,500000,50000,none,-1,-1,raw/bursty-throughput-none-cap1024.csv,5,0.853481932,0.83746593,0.857901029,585835.4831581836,582817.8112606041,597039.213284772,0.0,149.240448,True
moodycamel,bursty,throughput,1024,500000,50000,none,-1,-1,raw/bursty-throughput-none-cap1024.csv,5,0.843664298,0.836671469,0.84518483,592652.7899607766,591586.5763941836,597606.1315890288,0.0,146.244864,True
rigtorp,bursty,throughput,1024,500000,50000,none,-1,-1,raw/bursty-throughput-none-cap1024.csv,5,0.846658504,0.844463798,0.846961636,590556.8746286401,590345.5112339942,592091.6931953547,0.0,150.826032,True
boost,bursty,throughput,1024,500000,50000,siblings,0,8,raw/bursty-throughput-siblings-cap1024.csv,5,0.804536113,0.803626905,0.810114098,621476.1424885845,617197.0111795289,622179.2686246611,0.0,142.83392,True
custom,bursty,throughput,1024,500000,50000,siblings,0,8,raw/bursty-throughput-siblings-cap1024.csv,5,0.806011299,0.801825102,0.809217996,620338.6982544025,617880.4753126128,623577.3845852982,0.0,142.253186,True
moodycamel,bursty,throughput,1024,500000,50000,siblings,0,8,raw/bursty-throughput-siblings-cap1024.csv,5,0.811837914,0.805721632,0.827638338,615886.4859322152,604128.6115482002,620561.7177720257,0.0,139.98208,True
rigtorp,bursty,throughput,1024,500000,50000,siblings,0,8,raw/bursty-throughput-siblings-cap1024.csv,5,0.803039346,0.800048516,0.807105666,622634.4979116378,619497.5714617273,624962.0991734955,0.0,141.104256,True
boost,consumer,throughput,1024,10000000,1000000,cores,0,1,raw/consumer-throughput-cores-cap1024.csv,5,1.434194305,1.433331014,1.438461244,6972555.925746757,6951873.080843324,6976755.475410372,11.199616,0.0001792,True
custom,consumer,throughput,1024,10000000,1000000,cores,0,1,raw/consumer-throughput-cores-cap1024.csv,5,1.432888669,1.431911683,1.433382932,6978909.259558113,6976502.773091483,6983670.93356553,11.3731712,0.0001344,True
moodycamel,consumer,throughput,1024,10000000,1000000,cores,0,1,raw/consumer-throughput-cores-cap1024.csv,5,1.36336445,1.361922808,1.364443148,7334795.916088321,7328997.191754009,7342560.0491154995,10.8007232,6.4e-06,True
rigtorp,consumer,throughput,1024,10000000,1000000,cores,0,1,raw/consumer-throughput-cores-cap1024.csv,5,1.404464972,1.403461516,1.405540072,7120149.09546637,7114702.881270823,7125239.905758841,10.9747328,0.000224,True
boost,consumer,throughput,1024,10000000,1000000,none,-1,-1,raw/consumer-throughput-none-cap1024.csv,5,1.882446142,1.849815703,1.90129598,5312236.975542645,5259570.369469776,5405943.94554126,12.0163776,0.0001792,True
custom,consumer,throughput,1024,10000000,1000000,none,-1,-1,raw/consumer-throughput-none-cap1024.csv,5,1.892587834,1.867698416,1.903222417,5283770.623667657,5254246.645414539,5354183.477553477,11.9535936,0.0001984,True
moodycamel,consumer,throughput,1024,10000000,1000000,none,-1,-1,raw/consumer-throughput-none-cap1024.csv,5,1.602612375,1.562053702,1.637447476,6239812.044381599,6107066.117582143,6401828.558900595,10.5588608,0.0001344,True
rigtorp,consumer,throughput,1024,10000000,1000000,none,-1,-1,raw/consumer-throughput-none-cap1024.csv,5,1.874303433,1.52521955,1.891336733,5335315.415815066,5287265.7869538665,6556433.137773509,11.6519296,0.0001024,True
boost,consumer,throughput,1024,10000000,1000000,siblings,0,8,raw/consumer-throughput-siblings-cap1024.csv,5,1.366482691,1.365374988,1.37243306,7318058.300966799,7286329.87025247,7323995.303772183,9.1300416,0.0002368,True
custom,consumer,throughput,1024,10000000,1000000,siblings,0,8,raw/consumer-throughput-siblings-cap1024.csv,5,1.371658328,1.366588469,1.387415259,7290445.292291477,7207647.411350836,7317491.861553238,9.1905216,2.56e-05,True
moodycamel,consumer,throughput,1024,10000000,1000000,siblings,0,8,raw/consumer-throughput-siblings-cap1024.csv,5,1.368873156,1.364431977,1.371057993,7305278.766091896,7293637.505528915,7329057.196377918,8.8497728,6.4e-06,True
rigtorp,consumer,throughput,1024,10000000,1000000,siblings,0,8,raw/consumer-throughput-siblings-cap1024.csv,5,1.371488978,1.368942151,1.376196044,7291345.508720524,7266406.587635852,7304910.57835796,8.9838912,0.0001472,True
